{"cameraMode":{"drawMode":0,"name":"Shaded","section":"Shading Mode"},"sceneLighting":true,"audioPlay":false,"sceneViewState":{"showFog":true,"showMaterialUpdate":false,"showSkybox":true,"showFlares":true,"showImageEffects":true,"showParticleSystems":true},"in2DMode":false,"pivot":{"x":-2.483701229095459,"y":-1.8588615655899048,"z":4.213991165161133},"rotation":{"x":-0.20331740379333497,"y":0.29348233342170718,"z":-0.06403081119060517,"w":-0.9318968653678894},"size":19.506649017333986,"orthographic":false}